{
  "info": {
    "name": "Spring Legacy Modernizer",
    "schema": "https://schema.getpostman.com/json/collection/v2.1.0/collection.json"
  },
  "item": [
    {
      "name": "Create Order",
      "request": {
        "method": "POST",
        "header": [
          {
            "key": "Content-Type",
            "value": "application/json"
          }
        ],
        "body": {
          "mode": "raw",
          "raw": "{\n  \"customerName\": \"Ridwan\",\n  \"items\": [\n    \"itemA\",\n    \"itemB\"\n  ],\n  \"total\": 150.0\n}"
        },
        "url": {
          "raw": "http://localhost:8080/api/orders",
          "protocol": "http",
          "host": [
            "localhost"
          ],
          "port": "8080",
          "path": [
            "api",
            "orders"
          ]
        }
      },
      "response": []
    },
    {
      "name": "Get Order (replace id)",
      "request": {
        "method": "GET",
        "header": [],
        "url": {
          "raw": "http://localhost:8080/api/orders/{{orderId}}",
          "protocol": "http",
          "host": [
            "localhost"
          ],
          "port": "8080",
          "path": [
            "api",
            "orders",
            "{{orderId}}"
          ]
        }
      },
      "response": []
    }
  ]
}